{"cameraMode":{"drawMode":0,"name":"Shaded","section":"Shading Mode"},"sceneLighting":true,"audioPlay":false,"sceneViewState":{"showFog":true,"showMaterialUpdate":false,"showSkybox":true,"showFlares":true,"showImageEffects":true,"showParticleSystems":true},"in2DMode":false,"pivot":{"x":8.354291915893555,"y":12.073164939880371,"z":6.96484375},"rotation":{"x":0.1750355362892151,"y":0.693281888961792,"z":-0.17961199581623078,"w":0.6756247282028198},"size":25.352807998657228,"orthographic":true}